{
  "jobs": [
    {
      "xy8_qubits": [
        25,
        31,
        24,
        11,
        22,
        43,
        18,
        23,
        27,
        29
      ],
      "connectivity": 0.11111111111086419,
      "thermal_isolation": 0.1,
      "spread": 0.2064516129032258,
      "combined_score": 0.2863799283153134,
      "coherence": 0.275
    },
    {
      "xy8_qubits": [
        25,
        8,
        24,
        16,
        42,
        54,
        23,
        26,
        40,
        44
      ],
      "connectivity": 0.19999999999955556,
      "thermal_isolation": 0.1,
      "spread": 0.2967741935483871,
      "combined_score": 0.34903225806433835,
      "coherence": -0.164
    },
    {
      "xy8_qubits": [
        11,
        9,
        31,
        13,
        17,
        7,
        18,
        33,
        27,
        39
      ],
      "connectivity": 0.06666666666651852,
      "thermal_isolation": 0.4,
      "spread": 0.2064516129032258,
      "combined_score": 0.35860215053757516,
      "coherence": -0.223
    },
    {
      "xy8_qubits": [
        23,
        24,
        25,
        4,
        9,
        5,
        21,
        22,
        29,
        30
      ],
      "connectivity": 0.22222222222172838,
      "thermal_isolation": 0.3,
      "spread": 0.16774193548387098,
      "combined_score": 0.37921146953385265,
      "coherence": -0.22
    }
  ],
  "recommendations": {
    "optimal_qubits": [
      11,
      18,
      22,
      23,
      24,
      25,
      27,
      29,
      31,
      43
    ],
    "target_backend": "ibm_fez",
    "min_connectivity": 0.11111111111086419,
    "min_thermal": 0.1
  },
  "correlations": {
    "connectivity_coherence": -0.30618285556648184,
    "thermal_coherence": -0.6420466392046139,
    "combined_coherence": -0.9684100627435814
  }
}