{
  "timestamp": "2026-02-02T21:00:00",
  "analysis_type": "TMT-OS DNA Quantum-Phi Framework",
  "v2_2_connection": "Temporal Calibration Windows Integration",
  "sequences_analyzed": 19,
  "results": {
    "TATA Box (Human)": {
      "phi_correlation": 0.4891990918925185,
      "fractal_dimension": 2.0,
      "predicted_gain": 1.1456794146554945,
      "quantum_coherence": 0.00021946158757182375,
      "role": "BALANCED (Transition)",
      "metrics": {
        "entanglement_entropy": -1.4426951601859516e-10,
        "fidelity": 0.9998922184961183,
        "purity": 1.0000000000000004
      }
    },
    "TATA Box (E.coli)": {
      "phi_correlation": 0.41255323214005557,
      "fractal_dimension": 1.3333333333333333,
      "predicted_gain": 1.1889238430817128,
      "quantum_coherence": 0.0008461718020541547,
      "role": "BALANCED (Transition)",
      "metrics": {
        "entanglement_entropy": -1.442691956759448e-10,
        "fidelity": 0.999133553730037,
        "purity": 0.9999999999999996
      }
    },
    "CAAT Box": {
      "phi_correlation": 0.5045931471150014,
      "fractal_dimension": 2.0,
      "predicted_gain": 1.137370535588384,
      "quantum_coherence": 0.00010052849264705882,
      "role": "STATIC ANCHOR (Crystal)",
      "metrics": {
        "entanglement_entropy": -1.442691956759448e-10,
        "fidelity": 0.9998889107248967,
        "purity": 0.9999999999999999
      }
    },
    "GC Box": {
      "phi_correlation": 0.5530637125689342,
      "fractal_dimension": 2.0,
      "predicted_gain": 1.111978314428957,
      "quantum_coherence": 0.0012147716229348883,
      "role": "STATIC ANCHOR (Crystal)",
      "metrics": {
        "entanglement_entropy": -1.442691956759448e-10,
        "fidelity": 0.9994068249333853,
        "purity": 1.0000000000000002
      }
    },
    "Kozak Strong": {
      "phi_correlation": 0.5171447814071775,
      "fractal_dimension": 2.0,
      "predicted_gain": 1.130684510410103,
      "quantum_coherence": 0.00011752651880424304,
      "role": "STATIC ANCHOR (Crystal)",
      "metrics": {
        "entanglement_entropy": -1.4426951601859516e-10,
        "fidelity": 0.9998780436210528,
        "purity": 1.0
      }
    },
    "Kozak Weak": {
      "phi_correlation": 0.49300819034029786,
      "fractal_dimension": 2.0,
      "predicted_gain": 1.1436121865710716,
      "quantum_coherence": 0.00029639405869720845,
      "role": "BALANCED (Transition)",
      "metrics": {
        "entanglement_entropy": -1.442704770465463e-10,
        "fidelity": 0.9998725334055959,
        "purity": 1.000000000000001
      }
    },
    "Shine-Dalgarno": {
      "phi_correlation": 0.45602471169706005,
      "fractal_dimension": 2.0,
      "predicted_gain": 1.164004452647766,
      "quantum_coherence": 0.0002557760049730626,
      "role": "BALANCED (Transition)",
      "metrics": {
        "entanglement_entropy": -1.4426983636124553e-10,
        "fidelity": 0.999867425823181,
        "purity": 1.0
      }
    },
    "Poly-A Signal": {
      "phi_correlation": 0.4498114976483752,
      "fractal_dimension": 2.0,
      "predicted_gain": 1.1675019135874225,
      "quantum_coherence": 0.000708616780045351,
      "role": "BALANCED (Transition)",
      "metrics": {
        "entanglement_entropy": -1.4426855499064403e-10,
        "fidelity": 0.9998184899929516,
        "purity": 0.9999999999999986
      }
    },
    "Enhancer Core": {
      "phi_correlation": 0.5467100511618134,
      "fractal_dimension": 1.7776075786635521,
      "predicted_gain": 1.115242041489377,
      "quantum_coherence": 8.680555555555553e-05,
      "role": "STATIC ANCHOR (Crystal)",
      "metrics": {
        "entanglement_entropy": -1.442691956759448e-10,
        "fidelity": 0.9999406218241452,
        "purity": 0.9999999999999996
      }
    },
    "Start Codon": {
      "phi_correlation": 0.3650548150729018,
      "fractal_dimension": 1.7777777777777777,
      "predicted_gain": 1.2174006316405093,
      "quantum_coherence": 0.0260989010989011,
      "role": "BALANCED (Transition)",
      "metrics": {
        "entanglement_entropy": -1.4426983636124553e-10,
        "fidelity": 0.9958659611430514,
        "purity": 1.0
      }
    },
    "Stop Codon (UAA)": {
      "phi_correlation": 0.5678483005625052,
      "fractal_dimension": 2.0,
      "predicted_gain": 1.1044572592847712,
      "quantum_coherence": 0.01785714285714286,
      "role": "STATIC ANCHOR (Crystal)",
      "metrics": {
        "entanglement_entropy": -1.4426983636124553e-10,
        "fidelity": 0.9970704338787988,
        "purity": 1.0000000000000002
      }
    },
    "P53 Exon 5 (fragment)": {
      "phi_correlation": 0.5199997337771202,
      "fractal_dimension": 2.0,
      "predicted_gain": 1.1291746883765956,
      "quantum_coherence": 0.0003294346584787752,
      "role": "STATIC ANCHOR (Crystal)",
      "metrics": {
        "entanglement_entropy": -1.4426983636124553e-10,
        "fidelity": 0.9992669761903096,
        "purity": 1.0
      }
    },
    "CA Repeat": {
      "phi_correlation": 0.5432679549402761,
      "fractal_dimension": 2.0,
      "predicted_gain": 1.1170181794456293,
      "quantum_coherence": 0.00015012254901960775,
      "role": "STATIC ANCHOR (Crystal)",
      "metrics": {
        "entanglement_entropy": -1.4426951601859516e-10,
        "fidelity": 0.9998611139213854,
        "purity": 0.9999999999999996
      }
    },
    "GGGGCC Repeat (C9orf72)": {
      "phi_correlation": 0.5443185968740896,
      "fractal_dimension": 2.0,
      "predicted_gain": 1.1164754436550095,
      "quantum_coherence": 0.0002520610516934053,
      "role": "STATIC ANCHOR (Crystal)",
      "metrics": {
        "entanglement_entropy": -1.442691956759448e-10,
        "fidelity": 0.999690212168935,
        "purity": 1.0000000000000004
      }
    },
    "Alu Element (fragment)": {
      "phi_correlation": 0.5315773803816729,
      "fractal_dimension": 2.0,
      "predicted_gain": 1.123093037672398,
      "quantum_coherence": 0.00038478772566295235,
      "role": "STATIC ANCHOR (Crystal)",
      "metrics": {
        "entanglement_entropy": -1.442701567038959e-10,
        "fidelity": 0.9991619799745198,
        "purity": 1.0000000000000004
      }
    },
    "tRNA Anticodon (Gly)": {
      "phi_correlation": 0.6074501092360935,
      "fractal_dimension": 1.1111111111111112,
      "predicted_gain": 1.0848037802462405,
      "quantum_coherence": 0.03361344537815126,
      "role": "STATIC ANCHOR (Crystal)",
      "metrics": {
        "entanglement_entropy": -1.4426951601859516e-10,
        "fidelity": 0.9923308890682454,
        "purity": 0.9999999999999999
      }
    },
    "miRNA seed (let-7)": {
      "phi_correlation": 0.4549649688697668,
      "fractal_dimension": 2.0,
      "predicted_gain": 1.1645995061884813,
      "quantum_coherence": 0.00025577600497306264,
      "role": "BALANCED (Transition)",
      "metrics": {
        "entanglement_entropy": -1.4426951601859516e-10,
        "fidelity": 0.9997623500514835,
        "purity": 1.0
      }
    },
    "Fibonacci Pattern": {
      "phi_correlation": 0.5219667489097282,
      "fractal_dimension": 2.0,
      "predicted_gain": 1.1281367898094095,
      "quantum_coherence": 0.00013786764705882347,
      "role": "STATIC ANCHOR (Crystal)",
      "metrics": {
        "entanglement_entropy": -1.4426983636124553e-10,
        "fidelity": 0.9998876739461381,
        "purity": 0.9999999999999999
      }
    },
    "Phi Spiral": {
      "phi_correlation": 0.481640173850968,
      "fractal_dimension": 2.0,
      "predicted_gain": 1.149803910232725,
      "quantum_coherence": 0.0001378676470588235,
      "role": "BALANCED (Transition)",
      "metrics": {
        "entanglement_entropy": -1.442701567038959e-10,