{
  "backend": "PyTorch",
  "training_history": [
    3.3443946838378906,
    3.2595443725585938,
    3.239513397216797,
    3.2121171951293945,
    3.1928834915161133,
    3.177523136138916,
    3.163940906524658,
    3.151160478591919,
    3.1389963626861572,
    3.127485513687134,
    3.1166563034057617,
    3.1058847904205322,
    3.094754934310913,
    3.083702564239502,
    3.0732581615448,
    3.0634894371032715,
    3.0539093017578125,
    3.044029951095581,
    3.0337891578674316,
    3.023510217666626,
    3.013629198074341,
    3.0043599605560303,
    2.9954962730407715,
    2.986574411392212,
    2.977322816848755,
    2.9679505825042725,
    2.958864450454712,
    2.950084924697876,
    2.9413089752197266,
    2.932373046875,
    2.923306465148926,
    2.9142420291900635,
    2.9053092002868652,
    2.8965067863464355,
    2.8877217769622803,
    2.8788485527038574,
    2.8699300289154053,
    2.861081600189209,
    2.8522703647613525,
    2.843424081802368,
    2.834536552429199,
    2.8256313800811768,
    2.8167312145233154,
    2.8078527450561523,
    2.798978090286255,
    2.7901365756988525,
    2.7813360691070557,
    2.772549867630005,
    2.763751983642578,
    2.755021572113037
  ],
  "evaluation": {
    "final_loss": 2.755021572113037,
    "initial_loss": 3.3443946838378906,
    "loss_reduction": 17.62271404667206,
    "convergence_rate": 0.0088349978129069,
    "phi_performance": 0.5091196262012595
  },
  "phi_harmonic": {
    "phi": 1.618033988749895,
    "phi_inv": 0.6180339887498948
  },
  "timestamp": "2026-03-19T13:58:55.352122"
}