{
  "backend": "PyTorch",
  "training_history": [
    3.356353759765625,
    3.317180871963501,
    3.2714157104492188,
    3.2480180263519287,
    3.2342305183410645,
    3.2163848876953125,
    3.198775291442871,
    3.1858277320861816,
    3.1762454509735107,
    3.1667957305908203,
    3.1551461219787598,
    3.141890048980713,
    3.1293513774871826,
    3.118525505065918,
    3.1087687015533447,
    3.0990469455718994,
    3.0886166095733643,
    3.0773890018463135,
    3.0660829544067383,
    3.0555715560913086,
    3.0459582805633545,
    3.0365047454833984,
    3.02651309967041,
    3.016033411026001,
    3.0056138038635254,
    2.995551824569702,
    2.9857771396636963,
    2.9761011600494385,
    2.966310501098633,
    2.9564528465270996,
    2.9466934204101562,
    2.9370691776275635,
    2.927565574645996,
    2.9179787635803223,
    2.9082865715026855,
    2.8986291885375977,
    2.889080762863159,
    2.8796072006225586,
    2.870105028152466,
    2.8605682849884033,
    2.8510549068450928,
    2.8416476249694824,
    2.832310914993286,
    2.8229708671569824,
    2.8135738372802734,
    2.8041999340057373,
    2.7949626445770264,
    2.785888671875,
    2.776547908782959,
    2.767155647277832
  ],
  "evaluation": {
    "final_loss": 2.767155647277832,
    "initial_loss": 3.356353759765625,
    "loss_reduction": 17.554708313254107,
    "convergence_rate": 0.00932213995191786,
    "phi_performance": 0.5095399247480811
  },
  "phi_harmonic": {
    "phi": 1.618033988749895,
    "phi_inv": 0.6180339887498948
  },
  "timestamp": "2026-03-19T13:31:52.387544"
}