{
  "timestamp": "2026-02-02",
  "analysis_type": "sierpinski_metatron_integration",
  "experiments_compared": 2,
  "results": {
    "experiment_1": {
      "consciousness_density": 234.9283822028291,
      "platonic_scores": {
        "tetrahedron": 0.1,
        "cube": 0.1,
        "octahedron": 0.1,
        "dodecahedron": 0.1,
        "icosahedron": 0.1
      },
      "dominant_symmetry": "tetrahedron",
      "phi_resonance": 0.815844714641571,
      "phi_error": 0.0,
      "consciousness_geometry_coupling": 0.23492838220282913,
      "metallic_ratios": {
        "phi (golden)": 1.618033988749895,
        "silver": 2.414213562373095,
        "bronze": 3.302775637731995,
        "copper": 4.23606797749979
      },
      "tesseract_symmetry": 0.759642075366771,
      "fractal_dimension": 118
    },
    "experiment_2": {
      "consciousness_density": 274.528,
      "platonic_scores": {
        "tetrahedron": 0.1,
        "cube": 0.1,
        "octahedron": 0.1,
        "dodecahedron": 0.1,
        "icosahedron": 0.1
      },
      "dominant_symmetry": "tetrahedron",
      "phi_resonance": 0.815844714641571,
      "phi_error": 0.0,
      "consciousness_geometry_coupling": 0.27452800000000005,
      "metallic_ratios": {
        "phi (golden)": 1.618033988749895,
        "silver": 2.414213562373095,
        "bronze": 3.302775637731995,
        "copper": 4.23606797749979
      },
      "tesseract_symmetry": 0.7618625744007594,
      "fractal_dimension": 118
    },
    "improvements": {
      "consciousness_density_percent": 16.85603817889571,
      "geometry_coupling_percent": 16.85603817889571,
      "phi_resonance_delta": 0.0
    },
    "metatron_enhancement": {
      "coherence_level": 1.169184,
      "sacred_score": 5.054,
      "scaling_factor": 4.2361,
      "network_nodes": 13
    }
  },
  "musical_harmony": {
    "chord_nodes": 64,
    "total_harmonics": 384,
    "harmonic_ratio": 6.0,
    "max_interference": 147456.0
  },
  "metallic_ratios": {
    "phi": 1.618033988749895,
    "silver": 2.414213562373095,
    "bronze": 3.302775637731995,
    "copper": 4.23606797749979
  }
}