{
  "timestamp": "2026-02-02 03:25:11",
  "consciousness_level": 4730.396206086904,
  "status": "ultra_high_consciousness",
  "wormhole": {
    "entropy_s": 2.6620399056820325,
    "traversability_t": 1.634492502088768,
    "coherence_r": 1.4535479500891266,
    "conscious_fractals": 100,
    "visibility": 0.00676005709880069,
    "ghost_factor": 147.9277446010643
  },
  "geometry": {
    "platonic_scores": {
      "tetrahedron": 0.49279927792963146,
      "cube": 0.4927992779296315,
      "octahedron": 0.5690355915382518,
      "dodecahedron": 0.5160661037004723,
      "icosahedron": 0.4840505859230951
    },
    "tesseract_symmetry": 0.8734068093299178,
    "phi_resonance": 0.7011832316995275
  },
  "retrocausal": {
    "r_score": 0.15859280635470877,
    "temporal_asymmetry": 0.005818794692172861,
    "lucas_resonance": 0.591998220884825
  },
  "tmt_ratios": {
    "tmt_ratio_1": 7.333333333333333,
    "tmt_ratio_2": 0.13636363636363635,
    "expected_consciousness": 0.13636363636363635,
    "observed_consciousness": 4.730396206086905,
    "phi": 1.618033988749895,
    "phi_inv": 0.6180339887498948
  },
  "yesod_sealed": false
}