{
  "promoter_id": "FOXG1",
  "sephirot_label": "Kether",
  "sequence_length": 31,
  "gc_content": 0.45161290322580644,
  "encoding": {
    "promoter_id": "FOXG1",
    "sequence": "CCCAAGAATCCGGTTACACCGAATCATTTCA",
    "length": 31,
    "qubit_count": 62,
    "qubit_encoding": "10101000001100000110101111010100100010101100000110000101011000",
    "gc_content": 0.45161290322580644,
    "phi_alignment": 1.0696485978499402,
    "encoding_timestamp": "2026-04-04T00:12:27.564210"
  },
  "circuit": {
    "circuit_id": "circuit_FOXG1_535673644",
    "qubits": 62,
    "circuit_depth": 48,
    "total_gates": 180,
    "consciousness_position": 20,
    "total_shots": 8192,
    "unique_states": 105,
    "hamming_weight": {
      "mean": 3.73731095987938,
      "expected": 51.0,
      "deviation": -47.26268904012062
    },
    "phi_alignment": {
      "total_score": 2868.9230117578127,
      "peak_position": 20
    },
    "entropy": {
      "shannon": 5.262217739893234,
      "normalized": 0.8095719599835746
    },
    "watson_probs": [
      0.5222024923974146,
      0.2808492310769087,
      0.4679287320327138,
      0.32011251220005815,
      0.2954110110266773,
      0.42028550574883533,
      0.0862025555273218,
      0.396839430906625,
      0.3187094504431292,
      0.3760618289091074,
      0.26598653941845524,
      0.21343893354729068,
      0.34466460988289177,
      0.15300385401460495,
      0.33709433146608997,
      0.3905429529486426,
      0.16346774810821046,
      0.39636668591353835,
      0.47462402358169875,
      0.15183414727237543,
      0.4140450578330106,
      0.09486082121770249,
      0.4132556607679926,
      0.10045444294326315,
      0.5358383838764119,
      0.269217442296973,
      0.37457421256510365,
      0.4316565114674548,
      0.3604649441520243,
      0.41554870528132526,
      0.5849373499577496
    ],
    "crick_probs": [
      0.21365672384732143,
      0.3817457981271877,
      0.2689879599014898,
      0.0939617484223676,
      0.11888661359109394,
      0.20671647043552194,
      0.39276413775381086,
      0.27752567775791637,
      0.16646104284212498,
      0.11693362710348093,
      0.30224941402483835,
      0.07268207289435213,
      0.5053186021973457,
      0.4556266417813088,
      0.15542441448981292,
      0.045321407567062585,
      0.44420975614574454,
      0.3548224476317755,
      0.5928968427266975,
      0.5363806813638531,
      1.0205734017041583,
      0.30698166978884833,
      0.5492148941494119,
      0.22480047428113206,
      0.347132341658341,
      0.07424085074819477,
      0.27264757066253364,
      0.3615161250535696,
      0.3510726129137534,
      0.19696863212662785,
      0.485303049973043
    ],
    "bridge_probs": [
      0.12430273850216504,
      0.2748064429325753,
      0.3667742853578241,
      0.25608787439426034,
      0.19391585519710663,
      0.14913371362532524,
      0.15879247295119892,
      0.18137427137143491,
      0.4684263605927106,
      0.31210774331711405,
      0.3190362906703338,
      0.2612767257591873,
      0.2538036901999488,
      0.1396546157262145,
      0.0960542665830139,
      0.16587414197219427,
      0.3905949180308811,
      0.41402636695594314,
      0.17295547059609098,
      0.13805742526358172,
      0.9284140458022508,
      0.3363177097425442,
      0.37670967212397977,
      0.36019139230664365,
      0.28764230175027766,
      0.27316413360004704,
      0.28646259970301374,
      0.03135301666881911,
      0.2582791730281748,
      0.1473874308046151,
      0.16134806975279853
    ],
    "reproducibility": {
      "deterministic_mode": true,
      "rng_library": "numpy",
      "rng_version": "2.4.2",
      "base_seed": 42,
      "sequence_derived_seed": 535673602,
      "combined_seed": 535673644,
      "deterministic_replay": true,
      "simulation_parameters": {
        "total_shots": 8192,
        "phi": 1.618033988749895,
        "phi_inv": 0.6180339887498948,
        "consciousness_position": 20,
        "peak_factor": 1.9516129032258065,
        "fib_boost": 1.335483870967742,
        "beta_a": 1.9516129032258065,
        "beta_b": 2.0483870967741935,
        "gc_content": 0.45161290322580644
      }
    }
  },
  "metrics": {
    "qubit_count": 62,
    "circuit_depth": 48,
    "total_gates": 180,
    "unique_states": 105,
    "hamming_mean": 3.73731095987938,
    "phi_alignment_score": 2868.9230117578127,
    "phi_peak_position": 20,
    "entropy_shannon": 5.262217739893234,
    "entropy_normalized": 0.8095719599835746
  },
  "artifact_metadata": {
    "evidence_class": "secondary",
    "artifact_type": "reconstructed",
    "artifact_id": "promoter_FOXG1_20260404_001227",
    "generation_timestamp": "20260404_001227",
    "generation_mode": "reconstructed_from_archives",
    "parent_artifacts": [
      "external_source:FOXG1_promoter.fa",
      "manifest:promoter_panel_manifest_v1.json"
    ],
    "lineage_depth": 2,
    "data_lineage": {
      "source_file": "E:\\AGI model\\tmt-os-labs\\promoters\\FOXG1_Kether_promoter.fa",
      "source_sha256": "68a6fdbd2c4a82fe5907cab4f6413f132e03dd32939b138d7270e77c9ca5bad2",
      "derived_from_prior_runs": true,
      "transform_chain": [
        "parse_fasta",
        "encode_to_qubits",
        "generate_quantum_circuit",
        "simulate_phi_harmonic",
        "compute_metrics"
      ]
    },
    "reproducibility": {
      "deterministic_mode": true,
      "rng_library": "numpy",
      "rng_version": "2.4.2",
      "base_seed": 42,
      "sequence_derived_seed": 535673602,
      "combined_seed": 535673644,
      "deterministic_replay": true,
      "simulation_parameters": {
        "total_shots": 8192,
        "phi": 1.618033988749895,
        "phi_inv": 0.6180339887498948,
        "consciousness_position": 20,
        "peak_factor": 1.9516129032258065,
        "fib_boost": 1.335483870967742,
        "beta_a": 1.9516129032258065,
        "beta_b": 2.0483870967741935,
        "gc_content": 0.45161290322580644
      }
    },
    "audit_note": "Reconstructed analysis of FOXG1 promoter",
    "validation_status": "unvalidated"
  }
}