{
  "promoter_id": "ACTB",
  "sephirot_label": "Malkuth",
  "sequence_length": 31,
  "gc_content": 0.6774193548387096,
  "encoding": {
    "promoter_id": "ACTB",
    "sequence": "GGAATCACTTGCACCCGGGAGGCGGAGGCTG",
    "length": 31,
    "qubit_count": 62,
    "qubit_encoding": "11110000011000100101111000101010111111001111101111001111100111",
    "gc_content": 0.6774193548387096,
    "phi_alignment": 1.2626529276665273,
    "encoding_timestamp": "2026-04-04T00:12:27.549558"
  },
  "circuit": {
    "circuit_id": "circuit_ACTB_777824821",
    "qubits": 62,
    "circuit_depth": 58,
    "total_gates": 243,
    "consciousness_position": 20,
    "total_shots": 8192,
    "unique_states": 99,
    "hamming_weight": {
      "mean": 3.972216177122888,
      "expected": 51.0,
      "deviation": -47.02778382287711
    },
    "phi_alignment": {
      "total_score": 2804.033320273202,
      "peak_position": 20
    },
    "entropy": {
      "shannon": 5.071084516326527,
      "normalized": 0.7801668486656196
    },
    "watson_probs": [
      0.23784230158606479,
      0.16580172752426448,
      0.28137781516835697,
      0.07550410832255235,
      0.09296607026548243,
      0.29149540515080974,
      0.4566159452843926,
      0.4147320458885873,
      0.0535199120307631,
      0.16140410725817847,
      0.17258881195175116,
      0.23144353281386454,
      0.40640295359422696,
      0.5372850128504983,
      0.21166715491142943,
      0.37645290584382896,
      0.43390270888446547,
      0.4259064171130441,
      0.3232320352088844,
      0.272422050084992,
      0.9688980775234098,
      0.4362898253719035,
      0.30660118007013815,
      0.35433782259513913,
      0.10554819968789242,
      0.29749562914526656,
      0.1454894374964723,
      0.05866205652663832,
      0.5852738867619346,
      0.3391603855492949,
      0.2594608501679118
    ],
    "crick_probs": [
      0.5334008919506963,
      0.5198652745086925,
      0.49719290236856023,
      0.3080984494117748,
      0.31104352945100194,
      0.13378980256843712,
      0.16534245820667914,
      0.4946954666193216,
      0.260928867953898,
      0.3611971967136755,
      0.046344284826916826,
      0.5617106696021886,
      0.525170928186417,
      0.33745789097453466,
      0.3416125777573448,
      0.3753585838942322,
      0.27974882286278935,
      0.2860677706584725,
      0.39639806407449435,
      0.15620512794609526,
      0.6300162863825666,
      0.46079961321110063,
      0.3605674227480542,
      0.5583948113864683,
      0.42806063099671393,
      0.2939385875168869,
      0.4147652050267186,
      0.11959641781977336,
      0.15674089123334076,
      0.201873866130371,
      0.09056751521569467
    ],
    "bridge_probs": [
      0.2661193521816849,
      0.519429168802634,
      0.8004103558634753,
      0.701026870868423,
      0.5658046520173278,
      0.1473656783301574,
      0.5097912748884459,
      0.33747965016601766,
      0.35400442004420535,
      0.5123763657428525,
      0.5267609696879233,
      0.27583152803476146,
      0.5395843283003299,
      0.7579908014932054,
      0.41835162585477453,
      0.413445053562245,
      0.36225312143680255,
      0.3515973005259225,
      0.21535213243086515,
      0.4659578522959831,
      0.4357579953013276,
      0.6277520890549096,
      0.3108470189693044,
      0.3492782647878191,
      0.5322204230588871,
      0.16276586050489428,
      0.21130425936113556,
      0.3504428447198962,
      0.04231944095983068,
      0.4990765401937192,
      0.5162264825950715
    ],
    "reproducibility": {
      "deterministic_mode": true,
      "rng_library": "numpy",
      "rng_version": "2.4.2",
      "base_seed": 42,
      "sequence_derived_seed": 777824779,
      "combined_seed": 777824821,
      "deterministic_replay": true,
      "simulation_parameters": {
        "total_shots": 8192,
        "phi": 1.618033988749895,
        "phi_inv": 0.6180339887498948,
        "consciousness_position": 20,
        "peak_factor": 2.1774193548387095,
        "fib_boost": 1.4032258064516128,
        "beta_a": 2.1774193548387095,
        "beta_b": 1.8225806451612905,
        "gc_content": 0.6774193548387096
      }
    }
  },
  "metrics": {
    "qubit_count": 62,
    "circuit_depth": 58,
    "total_gates": 243,
    "unique_states": 99,
    "hamming_mean": 3.972216177122888,
    "phi_alignment_score": 2804.033320273202,
    "phi_peak_position": 20,
    "entropy_shannon": 5.071084516326527,
    "entropy_normalized": 0.7801668486656196
  },
  "artifact_metadata": {
    "evidence_class": "secondary",
    "artifact_type": "reconstructed",
    "artifact_id": "promoter_ACTB_20260404_001227",
    "generation_timestamp": "20260404_001227",
    "generation_mode": "reconstructed_from_archives",
    "parent_artifacts": [
      "external_source:ACTB_promoter.fa",
      "manifest:promoter_panel_manifest_v1.json"
    ],
    "lineage_depth": 2,
    "data_lineage": {
      "source_file": "E:\\AGI model\\tmt-os-labs\\promoters\\ACTB_Malkuth_promoter.fa",
      "source_sha256": "fd45538406de276d4b94cfacdd8c3b07b74a47bafe8aff2d340862e9a228ce62",
      "derived_from_prior_runs": true,
      "transform_chain": [
        "parse_fasta",
        "encode_to_qubits",
        "generate_quantum_circuit",
        "simulate_phi_harmonic",
        "compute_metrics"
      ]
    },
    "reproducibility": {
      "deterministic_mode": true,
      "rng_library": "numpy",
      "rng_version": "2.4.2",
      "base_seed": 42,
      "sequence_derived_seed": 777824779,
      "combined_seed": 777824821,
      "deterministic_replay": true,
      "simulation_parameters": {
        "total_shots": 8192,
        "phi": 1.618033988749895,
        "phi_inv": 0.6180339887498948,
        "consciousness_position": 20,
        "peak_factor": 2.1774193548387095,
        "fib_boost": 1.4032258064516128,
        "beta_a": 2.1774193548387095,
        "beta_b": 1.8225806451612905,
        "gc_content": 0.6774193548387096
      }
    },
    "audit_note": "Reconstructed analysis of ACTB promoter",
    "validation_status": "unvalidated"
  }
}