{
  "promoter_id": "JUN",
  "sephirot_label": "Hod",
  "sequence_length": 31,
  "gc_content": 0.5161290322580645,
  "encoding": {
    "promoter_id": "JUN",
    "sequence": "CAGATAAGTGTTGAGCTCGGGCTGGATAAGG",
    "length": 31,
    "qubit_count": 62,
    "qubit_encoding": "10001100010000110111010111001110011011111110011111000100001111",
    "gc_content": 0.5161290322580645,
    "phi_alignment": 1.1431514226209982,
    "encoding_timestamp": "2026-04-04T00:12:27.564527"
  },
  "circuit": {
    "circuit_id": "circuit_JUN_1564661441",
    "qubits": 62,
    "circuit_depth": 56,
    "total_gates": 229,
    "consciousness_position": 20,
    "total_shots": 8192,
    "unique_states": 91,
    "hamming_weight": {
      "mean": 3.215556196128331,
      "expected": 51.0,
      "deviation": -47.78444380387167
    },
    "phi_alignment": {
      "total_score": 2708.5979309204513,
      "peak_position": 20
    },
    "entropy": {
      "shannon": 5.036030050424759,
      "normalized": 0.7747738539115013
    },
    "watson_probs": [
      0.13349485916139914,
      0.3174450100425747,
      0.29526931420079155,
      0.24380894890348004,
      0.35183927506989315,
      0.3584724968582261,
      0.4578229804511227,
      0.119161876700929,
      0.15831257928415576,
      0.138291655471448,
      0.16099769906864603,
      0.19977267500529747,
      0.5144313378924852,
      0.554585551715216,
      0.3845724962397455,
      0.594821082787734,
      0.10998506069215576,
      0.3457121155953113,
      0.40360769983270894,
      0.3362653975724294,
      0.33411358806410574,
      0.28069617196768804,
      0.30128498687175004,
      0.3607008278076431,
      0.1824416922968632,
      0.26126652069818224,
      0.32975985053315404,
      0.2425696156613204,
      0.334880755358404,
      0.06321943853971619,
      0.36936255868584195
    ],
    "crick_probs": [
      0.47526212993947564,
      0.35404462094783035,
      0.46151351502191673,
      0.07789101862813884,
      0.45202869838931165,
      0.540636328599961,
      0.2978482294292631,
      0.35927163027507386,
      0.12499982568195672,
      0.41503525778985817,
      0.43899294778866893,
      0.3466560499835306,
      0.46125203073688537,
      0.5205919994316248,
      0.23385324060519552,
      0.3320513629851492,
      0.28428834950730614,
      0.2675603360213707,
      0.5675368451194237,
      0.18624421221955179,
      0.6392597508401157,
      0.4377266760341537,
      0.47549733789283793,
      0.3107383591115125,
      0.2938582982017868,
      0.13611163687346314,
      0.48857195611863424,
      0.35690501581318834,
      0.37579915716055784,
      0.3737673000876281,
      0.5349076401377014
    ],
    "bridge_probs": [
      0.4909756655978018,
      0.29818966641605993,
      0.26093481555861087,
      0.5394771291179062,
      0.26365360687802264,
      0.29269293639377303,
      0.3775597993419871,
      0.23567960398129564,
      0.5331414586416978,
      0.38551410503570827,
      0.3825127685188779,
      0.2112510632313242,
      0.12440012869731662,
      0.5011496662703199,
      0.1336427683919457,
      0.3389247980791191,
      0.39776403912944136,
      0.3072745548478368,
      0.3994632281593017,
      0.35610457086713093,
      0.4265673401841846,
      0.3281647354938632,
      0.447478303499225,
      0.10888588105059963,
      0.41110484157435084,
      0.2734072710769899,
      0.2906035109505152,
      0.3949539923626288,
      0.4251316124585056,
      0.2185040955513233,
      0.5488765653068564
    ],
    "reproducibility": {
      "deterministic_mode": true,
      "rng_library": "numpy",
      "rng_version": "2.4.2",
      "base_seed": 42,
      "sequence_derived_seed": 1564661399,
      "combined_seed": 1564661441,
      "deterministic_replay": true,
      "simulation_parameters": {
        "total_shots": 8192,
        "phi": 1.618033988749895,
        "phi_inv": 0.6180339887498948,
        "consciousness_position": 20,
        "peak_factor": 2.0161290322580645,
        "fib_boost": 1.3548387096774193,
        "beta_a": 2.0161290322580645,
        "beta_b": 1.9838709677419355,
        "gc_content": 0.5161290322580645
      }
    }
  },
  "metrics": {
    "qubit_count": 62,
    "circuit_depth": 56,
    "total_gates": 229,
    "unique_states": 91,
    "hamming_mean": 3.215556196128331,
    "phi_alignment_score": 2708.5979309204513,
    "phi_peak_position": 20,
    "entropy_shannon": 5.036030050424759,
    "entropy_normalized": 0.7747738539115013
  },
  "artifact_metadata": {
    "evidence_class": "secondary",
    "artifact_type": "reconstructed",
    "artifact_id": "promoter_JUN_20260404_001227",
    "generation_timestamp": "20260404_001227",
    "generation_mode": "reconstructed_from_archives",
    "parent_artifacts": [
      "external_source:JUN_promoter.fa",
      "manifest:promoter_panel_manifest_v1.json"
    ],
    "lineage_depth": 2,
    "data_lineage": {
      "source_file": "E:\\AGI model\\tmt-os-labs\\promoters\\JUN_Hod_promoter.fa",
      "source_sha256": "fc7ed7a2ddd4efd321b219a41df6c2c7017a0202c65525d54536b55787b4012e",
      "derived_from_prior_runs": true,
      "transform_chain": [
        "parse_fasta",
        "encode_to_qubits",
        "generate_quantum_circuit",
        "simulate_phi_harmonic",
        "compute_metrics"
      ]
    },
    "reproducibility": {
      "deterministic_mode": true,
      "rng_library": "numpy",
      "rng_version": "2.4.2",
      "base_seed": 42,
      "sequence_derived_seed": 1564661399,
      "combined_seed": 1564661441,
      "deterministic_replay": true,
      "simulation_parameters": {
        "total_shots": 8192,
        "phi": 1.618033988749895,
        "phi_inv": 0.6180339887498948,
        "consciousness_position": 20,
        "peak_factor": 2.0161290322580645,
        "fib_boost": 1.3548387096774193,
        "beta_a": 2.0161290322580645,
        "beta_b": 1.9838709677419355,
        "gc_content": 0.5161290322580645
      }
    },
    "audit_note": "Reconstructed analysis of JUN promoter",
    "validation_status": "unvalidated"
  }
}