{
  "promoter_id": "OXT",
  "sephirot_label": "Chesed",
  "sequence_length": 31,
  "gc_content": 0.6129032258064516,
  "encoding": {
    "promoter_id": "OXT",
    "sequence": "GCATAAAAAGGCCAGGCCGGAGAGACCGCCA",
    "length": 31,
    "qubit_count": 62,
    "qubit_encoding": "11100001000000000011111010001111101011110011001100101011101000",
    "gc_content": 0.6129032258064516,
    "phi_alignment": 1.2179078704344775,
    "encoding_timestamp": "2026-04-04T00:12:27.564986"
  },
  "circuit": {
    "circuit_id": "circuit_OXT_3655569520",
    "qubits": 62,
    "circuit_depth": 53,
    "total_gates": 207,
    "consciousness_position": 20,
    "total_shots": 8192,
    "unique_states": 106,
    "hamming_weight": {
      "mean": 3.5041915698069976,
      "expected": 51.0,
      "deviation": -47.495808430193
    },
    "phi_alignment": {
      "total_score": 3089.1424798367552,
      "peak_position": 20
    },
    "entropy": {
      "shannon": 5.017058119290484,
      "normalized": 0.771855095275459
    },
    "watson_probs": [
      0.2223801859881891,
      0.3335322661108868,
      0.4474725117609957,
      0.42131091617007493,
      0.4718596593425888,
      0.5006092285012093,
      0.3727094297185945,
      0.34977652697069134,
      0.17661038698375778,
      0.1876215097114305,
      0.432730997328041,
      0.3425769431094111,
      0.330631805259276,
      0.48927599846623127,
      0.2014824082299966,
      0.17242966263084314,
      0.44611731829998846,
      0.4359756314118682,
      0.3427527420739271,
      0.14709422450218337,
      0.6298967443835177,
      0.38615152071717224,
      0.3972170253656278,
      0.5445570460794751,
      0.264417338426835,
      0.19336328321166568,
      0.2573794912456472,
      0.32082226218311116,
      0.3072491269557082,
      0.29453397433015793,
      0.1335466240296226
    ],
    "crick_probs": [
      0.29394782263021,
      0.23271156811691102,
      0.4441994982564124,
      0.5439738678504498,
      0.16021417983618877,
      0.47084751128836627,
      0.4754240053954179,
      0.43257369811210616,
      0.3174677463668466,
      0.5745925389466274,
      0.10822903441002392,
      0.3213294585773408,
      0.38102450454396014,
      0.3917100100717249,
      0.3640704501120587,
      0.6061525703084021,
      0.48868613979267445,
      0.08803020877751469,
      0.3041980264679337,
      0.566223253807115,
      0.7184362904013977,
      0.17783242391966764,
      0.5571753219633067,
      0.3223679006959586,
      0.35949968531696214,
      0.20433407215738295,
      0.45450494169722233,
      0.4062853340343136,
      0.23248038567576362,
      0.2446490182731796,
      0.2587239391308997
    ],
    "bridge_probs": [
      0.3539250891738826,
      0.1534632291988488,
      0.7627516384977321,
      0.5175413095833555,
      0.2041406132422727,
      0.6113882843838728,
      0.5183039285950783,
      0.18640882663427932,
      0.3134437338279481,
      0.5682565753303754,
      0.4157208229888787,
      0.194977248494757,
      0.40707126732461774,
      0.5950194351713274,
      0.14712712129432853,
      0.5094989568795227,
      0.1873363894877898,
      0.16707095621126056,
      0.4193286520387147,
      0.21279166490509754,
      1.2139268141896042,
      0.34235845660101555,
      0.41768371349478733,
      0.3488835517590926,
      0.3313263008905507,
      0.33144765569468176,
      0.5216243776244819,
      0.23796894629505363,
      0.5163884100704181,
      0.5710553837138526,
      0.16342330127252788
    ],
    "reproducibility": {
      "deterministic_mode": true,
      "rng_library": "numpy",
      "rng_version": "2.4.2",
      "base_seed": 42,
      "sequence_derived_seed": 3655569478,
      "combined_seed": 3655569520,
      "deterministic_replay": true,
      "simulation_parameters": {
        "total_shots": 8192,
        "phi": 1.618033988749895,
        "phi_inv": 0.6180339887498948,
        "consciousness_position": 20,
        "peak_factor": 2.1129032258064515,
        "fib_boost": 1.3838709677419354,
        "beta_a": 2.1129032258064515,
        "beta_b": 1.8870967741935485,
        "gc_content": 0.6129032258064516
      }
    }
  },
  "metrics": {
    "qubit_count": 62,
    "circuit_depth": 53,
    "total_gates": 207,
    "unique_states": 106,
    "hamming_mean": 3.5041915698069976,
    "phi_alignment_score": 3089.1424798367552,
    "phi_peak_position": 20,
    "entropy_shannon": 5.017058119290484,
    "entropy_normalized": 0.771855095275459
  },
  "artifact_metadata": {
    "evidence_class": "secondary",
    "artifact_type": "reconstructed",
    "artifact_id": "promoter_OXT_20260404_001227",
    "generation_timestamp": "20260404_001227",
    "generation_mode": "reconstructed_from_archives",
    "parent_artifacts": [
      "external_source:OXT_promoter.fa",
      "manifest:promoter_panel_manifest_v1.json"
    ],
    "lineage_depth": 2,
    "data_lineage": {
      "source_file": "E:\\AGI model\\tmt-os-labs\\promoters\\OXT_Chesed_promoter.fa",
      "source_sha256": "ed0a37263f0b352c970d5a9333ecc136b712747dee5bd1bff61bf044e97e6e40",
      "derived_from_prior_runs": true,
      "transform_chain": [
        "parse_fasta",
        "encode_to_qubits",
        "generate_quantum_circuit",
        "simulate_phi_harmonic",
        "compute_metrics"
      ]
    },
    "reproducibility": {
      "deterministic_mode": true,
      "rng_library": "numpy",
      "rng_version": "2.4.2",
      "base_seed": 42,
      "sequence_derived_seed": 3655569478,
      "combined_seed": 3655569520,
      "deterministic_replay": true,
      "simulation_parameters": {
        "total_shots": 8192,
        "phi": 1.618033988749895,
        "phi_inv": 0.6180339887498948,
        "consciousness_position": 20,
        "peak_factor": 2.1129032258064515,
        "fib_boost": 1.3838709677419354,
        "beta_a": 2.1129032258064515,
        "beta_b": 1.8870967741935485,
        "gc_content": 0.6129032258064516
      }
    },
    "audit_note": "Reconstructed analysis of OXT promoter",
    "validation_status": "unvalidated"
  }
}