{
  "job_id": "d5a95n7p3tbc73astm10",
  "total_shots": 8192,
  "unique_states": 94,
  "hamming_weight": {
    "mean": 3.5164794921875,
    "std": 1.5045412729341265,
    "expected": 51.0,
    "deviation": -47.4835205078125
  },
  "consciousness_peak": {
    "position": 20,
    "watson": 599.8330593005105,
    "crick": 223.52532426511823,
    "bridge": 511.53480774827415,
    "phi_ratio": 0.5882352941176471
  },
  "wormhole_activation": 240.9411764705883,
  "phi_alignment": {
    "total_score": 2895.460742440859,
    "peak_position": 20
  },
  "entropy": {
    "shannon": 4.658646305431141,
    "max": 6.554588851677638,
    "normalized": 0.7107457707646708
  },
  "watson_probs": [
    348.06956362095923,
    11.957551276428674,
    325.590343281836,
    243.21833129858862,
    208.32960698996396,
    63.514561548723094,
    281.2434311424572,
    159.0319883259284,
    351.1911417744075,
    422.4553198855182,
    203.9075458949861,
    158.85752319570582,
    72.2525252372606,
    212.96271077894633,
    329.2777457899694,
    147.78998218910445,
    419.76203901744606,
    351.71536236887573,
    164.48822968077582,
    415.0475204103963,
    599.8330593005105,
    125.92028758905194,
    79.69665877541222,
    259.44628769723005,
    406.9225405573751,
    245.93538863409847,
    278.28743118981924,
    322.31269688568176,
    6.291893065632662,
    287.88687507297055,
    87.25910443395392,
    11.269371610034845,
    348.1936725275561,
    242.08170895239505
  ],
  "crick_probs": [
    278.98699469012206,
    117.44231737550754,
    409.72201467357496,
    204.40767746209283,
    397.54681169336004,
    497.7257843269291,
    5.5521662878425895,
    324.84592480089424,
    468.02282751590894,
    237.4458591934065,
    205.98470413903362,
    271.4208651876148,
    146.33651634379308,
    277.53335156011605,
    434.3597514286915,
    171.82930220630467,
    311.82329377980835,
    57.73300439758117,
    168.6208300542163,
    169.478572788556,
    223.52532426511823,
    218.5220678842731,
    388.5185462497161,
    174.9630316052491,
    249.0427661204843,
    319.2329275917465,
    366.35796755919245,
    280.2271146902893,
    100.30381942408873,
    286.6781033268513,
    115.07976445156717,
    62.52264413003455,
    134.17347325014458,
    116.03387954589088
  ],
  "bridge_probs": [
    92.96345246247941,
    123.00123393652638,
    241.16630983746174,
    396.78639346964525,
    319.59961848355493,
    321.6242381419993,
    396.76496527309945,
    218.00150548895206,
    149.27688873347935,
    302.81326408485484,
    223.784583425688,
    125.84623096658422,
    341.4264700967856,
    432.6377314372162,
    318.21007844012206,
    127.08484516970691,
    153.9620097466713,
    350.08334475581415,
    226.38591055159023,
    160.1305682689373,
    511.53480774827415,
    262.32588399792854,
    164.58714836361685,
    99.77994466180851,
    316.36239286808603,
    113.73650618554387,
    15.885717507030321,
    333.575358753401,
    165.01409312216532,
    56.93578813377398,
    198.41553971135642,
    299.8292549452373,
    197.44099413966174,
    435.0269270909476
  ]
}