{
  "backend": "NumPy",
  "training_history": [
    1.3124386104394263,
    1.3124385766913262,
    1.3124385429432257,
    1.3124385091951247,
    1.3124384754470237,
    1.312438441698922,
    1.3124384079508205,
    1.3124383742027186,
    1.3124383404546158,
    1.3124383067065133,
    1.3124382729584103,
    1.3124382392103071,
    1.3124382054622037,
    1.3124381717140998,
    1.3124381379659955,
    1.312438104217891,
    1.3124380704697862,
    1.3124380367216812,
    1.3124380029735758,
    1.3124379692254702,
    1.3124379354773643,
    1.312437901729258,
    1.3124378679811515,
    1.3124378342330445,
    1.312437800484937,
    1.3124377667368299,
    1.312437732988722,
    1.312437699240614,
    1.3124376654925056,
    1.312437631744397,
    1.312437597996288,
    1.3124375642481787,
    1.312437530500069,
    1.312437496751959,
    1.3124374630038491,
    1.3124374292557386,
    1.3124373955076276,
    1.3124373617595166,
    1.3124373280114052,
    1.3124372942632936,
    1.3124372605151817,
    1.3124372267670692,
    1.3124371930189567,
    1.3124371592708437,
    1.3124371255227307,
    1.3124370917746173,
    1.3124370580265032,
    1.3124370242783892,
    1.312436990530275,
    1.3124369567821603
  ],
  "evaluation": {
    "final_loss": 1.3124369567821603,
    "initial_loss": 1.3124386104394263,
    "loss_reduction": 0.00012599882789611567,
    "convergence_rate": 3.3748113488959085e-08,
    "phi_performance": 0.618033210034313
  },
  "phi_harmonic": {
    "phi": 1.618033988749895,
    "phi_inv": 0.6180339887498948
  },
  "timestamp": "2026-03-10T23:14:52.192840"
}