{
  "promoter_id": "BDNF",
  "sephirot_label": "Tiferet",
  "sequence_length": 31,
  "gc_content": 0.5483870967741935,
  "encoding": {
    "promoter_id": "BDNF",
    "sequence": "ACCCCCTCCCTGCTGCGCTTTTCTGGTATTA",
    "length": 31,
    "qubit_count": 62,
    "qubit_encoding": "00101010101001101010011110011110111001010101100111110100010100",
    "gc_content": 0.5483870967741935,
    "phi_alignment": 1.1354183499246187,
    "encoding_timestamp": "2026-04-04T00:02:31.118989"
  },
  "circuit": {
    "circuit_id": "circuit_BDNF_2568601248",
    "qubits": 62,
    "circuit_depth": 55,
    "total_gates": 218,
    "consciousness_position": 20,
    "total_shots": 8192,
    "unique_states": 100,
    "hamming_weight": {
      "mean": 3.581219128928592,
      "expected": 51.0,
      "deviation": -47.418780871071405
    },
    "phi_alignment": {
      "total_score": 2794.4694351281905,
      "peak_position": 20
    },
    "entropy": {
      "shannon": 5.287829092699296,
      "normalized": 0.813512168107584
    },
    "watson_probs": [
      0.5584279399879885,
      0.34227392782710037,
      0.3546135205656253,
      0.07934029555901637,
      0.40653356573391486,
      0.36877458247118267,
      0.32815577947692437,
      0.14380721908217564,
      0.49300552673106357,
      0.46257571106291445,
      0.5109285750212756,
      0.11899879551090252,
      0.42865042118465063,
      0.18171815328180374,
      0.14378539388754097,
      0.2934939640790805,
      0.4314864538730597,
      0.29356137788263315,
      0.2805301225286822,
      0.3524580647458874,
      0.3107780092289069,
      0.42938378284649,
      0.18576972859932928,
      0.08760109408895295,
      0.18464720552179745,
      0.2715039065831541,
      0.23620904630377434,
      0.24908964458344968,
      0.1542789499658818,
      0.3482893727939058,
      0.04561260562205207
    ],
    "crick_probs": [
      0.07674893206751127,
      0.4512228345736496,
      0.4114666005040004,
      0.19973705034599887,
      0.4166251065348218,
      0.3132489312027466,
      0.10211622464865394,
      0.24719615933223646,
      0.3696531397120912,
      0.1668635303474307,
      0.0717925286293354,
      0.16774765999108446,
      0.21620575467901273,
      0.14312000713800943,
      0.25399981945132577,
      0.2647491549034618,
      0.4771834536795738,
      0.5149516447005046,
      0.4925308936658323,
      0.34347360918776293,
      0.534191151360565,
      0.24989817785705729,
      0.2314863427761895,
      0.4252979382601499,
      0.18889931284737907,
      0.3504738359940484,
      0.22341807195811583,
      0.15418013118936777,
      0.39250696177125466,
      0.32249632154511004,
      0.4125983660476131
    ],
    "bridge_probs": [
      0.18316665566294768,
      0.7822387367179165,
      0.7647493000840312,
      0.4166753299476539,
      0.19448989622848803,
      0.3830535856560868,
      0.24031838518581283,
      0.45508108678846415,
      0.3706679142167451,
      0.3009353746429983,
      0.407046236148911,
      0.2207220434463994,
      0.3323711439189751,
      0.015601453344336946,
      0.23926333704051808,
      0.2544608774658068,
      0.3670790266517943,
      0.21927775165432406,
      0.48352409340902625,
      0.2828827151553262,
      0.4040208995624327,
      0.7022782212177109,
      0.3186721798807762,
      0.3163017071713466,
      0.5351907569562504,
      0.1568496033727869,
      0.4660679082624737,
      0.027987458652519018,
      0.28214542581069596,
      0.28724006636437943,
      0.32673415071734374
    ],
    "reproducibility": {
      "deterministic_mode": true,
      "rng_library": "numpy",
      "rng_version": "2.4.2",
      "base_seed": 42,
      "sequence_derived_seed": 2568601206,
      "combined_seed": 2568601248,
      "deterministic_replay": true,
      "simulation_parameters": {
        "total_shots": 8192,
        "phi": 1.618033988749895,
        "phi_inv": 0.6180339887498948,
        "consciousness_position": 20,
        "peak_factor": 2.0483870967741935,
        "fib_boost": 1.364516129032258,
        "beta_a": 2.0483870967741935,
        "beta_b": 1.9516129032258065,
        "gc_content": 0.5483870967741935
      }
    }
  },
  "metrics": {
    "qubit_count": 62,
    "circuit_depth": 55,
    "total_gates": 218,
    "unique_states": 100,
    "hamming_mean": 3.581219128928592,
    "phi_alignment_score": 2794.4694351281905,
    "phi_peak_position": 20,
    "entropy_shannon": 5.287829092699296,
    "entropy_normalized": 0.813512168107584
  },
  "artifact_metadata": {
    "evidence_class": "secondary",
    "artifact_type": "reconstructed",
    "artifact_id": "promoter_BDNF_20260404_000231",
    "generation_timestamp": "20260404_000231",
    "generation_mode": "reconstructed_from_archives",
    "parent_artifacts": [
      "external_source:BDNF_promoter.fa",
      "manifest:promoter_panel_manifest_v1.json"
    ],
    "lineage_depth": 2,
    "data_lineage": {
      "source_file": "C:\\FASTA\\BDNF_Tiferet_promoter.fa",
      "source_sha256": "f27de6b6c1156f2891e620ba44b0e822d0ae0ba6a3a802b90d903735efdd0dd8",
      "derived_from_prior_runs": true,
      "transform_chain": [
        "parse_fasta",
        "encode_to_qubits",
        "generate_quantum_circuit",
        "simulate_phi_harmonic",
        "compute_metrics"
      ]
    },
    "reproducibility": {
      "deterministic_mode": true,
      "rng_library": "numpy",
      "rng_version": "2.4.2",
      "base_seed": 42,
      "sequence_derived_seed": 2568601206,
      "combined_seed": 2568601248,
      "deterministic_replay": true,
      "simulation_parameters": {
        "total_shots": 8192,
        "phi": 1.618033988749895,
        "phi_inv": 0.6180339887498948,
        "consciousness_position": 20,
        "peak_factor": 2.0483870967741935,
        "fib_boost": 1.364516129032258,
        "beta_a": 2.0483870967741935,
        "beta_b": 1.9516129032258065,
        "gc_content": 0.5483870967741935
      }
    },
    "audit_note": "Reconstructed analysis of BDNF promoter",
    "validation_status": "unvalidated"
  }
}