{
  "promoter_id": "SRY",
  "sephirot_label": "Yesod",
  "sequence_length": 31,
  "gc_content": 0.2903225806451613,
  "encoding": {
    "promoter_id": "SRY",
    "sequence": "TACAAAAGTTAACGTAACAAAGAATCTGGTA",
    "length": 31,
    "qubit_count": 62,
    "qubit_encoding": "01001000000000110101000010110100001000000011000001100111110100",
    "gc_content": 0.2903225806451613,
    "phi_alignment": 0.9591337885432113,
    "encoding_timestamp": "2026-04-04T00:02:31.120242"
  },
  "circuit": {
    "circuit_id": "circuit_SRY_1062958476",
    "qubits": 62,
    "circuit_depth": 52,
    "total_gates": 201,
    "consciousness_position": 19,
    "total_shots": 8192,
    "unique_states": 90,
    "hamming_weight": {
      "mean": 2.752826879107235,
      "expected": 51.0,
      "deviation": -48.24717312089277
    },
    "phi_alignment": {
      "total_score": 2769.1245809448374,
      "peak_position": 19
    },
    "entropy": {
      "shannon": 5.794728530978488,
      "normalized": 0.8914966970736136
    },
    "watson_probs": [
      0.2722180750825401,
      0.26178612515917316,
      0.22788277087449738,
      0.5644097601737097,
      0.28255952790822725,
      0.19435842938751863,
      0.14648305852061555,
      0.331056031564072,
      0.1547946178997853,
      0.3244251649166985,
      0.4816441031794345,
      0.17801653249342658,
      0.10377315929846354,
      0.2596573537756918,
      0.3631894722803715,
      0.5153628701078412,
      0.33590761302155875,
      0.3973415400817801,
      0.35421942151425373,
      0.18105579701453706,
      0.04104836863139496,
      0.3280876980654875,
      0.12126610147809425,
      0.1066010575849279,
      0.20884807579895762,
      0.322917452203831,
      0.08754988024728026,
      0.1471876811081889,
      0.5835084304809068,
      0.2520918013965764,
      0.16431661088350244
    ],
    "crick_probs": [
      0.39552661500729536,
      0.5688438316696655,
      0.3787736744410983,
      0.5094139668920081,
      0.20680399471201485,
      0.2006233282749407,
      0.3175143871800618,
      0.05605385608681949,
      0.21821596636526328,
      0.3189740241822726,
      0.233520257446366,
      0.18087687936573618,
      0.1582459276400089,
      0.08834139386605906,
      0.14642671308269395,
      0.19187237448094766,
      0.34266355719339747,
      0.25771428676528707,
      0.3960264795702419,
      0.10821082963091501,
      0.2335225748127058,
      0.4068104570924573,
      0.35964307890917063,
      0.22458210044655508,
      0.2820371689488908,
      0.2589949344764271,
      0.08876073931272035,
      0.11198719239804626,
      0.21574177732828914,
      0.4985241421479804,
      0.5435485402501966
    ],
    "bridge_probs": [
      0.42530635367137337,
      0.011957987820940109,
      0.1579593386555929,
      0.2690824504014116,
      0.3700064191620681,
      0.44829351557921704,
      0.44146025538295197,
      0.47177107918731415,
      0.6381031497298664,
      0.581225816236672,
      0.15595650043528206,
      0.2845823461712703,
      0.4850717819720176,
      0.14817784895387215,
      0.43163397864910524,
      0.2846077616581416,
      0.4706264017131967,
      0.3538406577538111,
      0.13844427376230484,
      0.06772979471212373,
      0.14600299964690255,
      0.2607827378767893,
      0.3060154148947092,
      0.033473753474578406,
      0.3834327429693002,
      0.27735131195189977,
      0.2016870442346637,
      0.16474108208543545,
      0.051513527470358665,
      0.39665395372176454,
      0.17568305749006277
    ],
    "reproducibility": {
      "deterministic_mode": true,
      "rng_library": "numpy",
      "rng_version": "2.4.2",
      "base_seed": 42,
      "sequence_derived_seed": 1062958434,
      "combined_seed": 1062958476,
      "deterministic_replay": true,
      "simulation_parameters": {
        "total_shots": 8192,
        "phi": 1.618033988749895,
        "phi_inv": 0.6180339887498948,
        "consciousness_position": 19,
        "peak_factor": 1.7903225806451613,
        "fib_boost": 1.2870967741935484,
        "beta_a": 1.7903225806451613,
        "beta_b": 2.209677419354839,
        "gc_content": 0.2903225806451613
      }
    }
  },
  "metrics": {
    "qubit_count": 62,
    "circuit_depth": 52,
    "total_gates": 201,
    "unique_states": 90,
    "hamming_mean": 2.752826879107235,
    "phi_alignment_score": 2769.1245809448374,
    "phi_peak_position": 19,
    "entropy_shannon": 5.794728530978488,
    "entropy_normalized": 0.8914966970736136
  },
  "artifact_metadata": {
    "evidence_class": "secondary",
    "artifact_type": "reconstructed",
    "artifact_id": "promoter_SRY_20260404_000231",
    "generation_timestamp": "20260404_000231",
    "generation_mode": "reconstructed_from_archives",
    "parent_artifacts": [
      "external_source:SRY_promoter.fa",
      "manifest:promoter_panel_manifest_v1.json"
    ],
    "lineage_depth": 2,
    "data_lineage": {
      "source_file": "C:\\FASTA\\SRY_Yesod_promoter.fa",
      "source_sha256": "9fcfbc9e7142c25915837b0988955a2844b86948a67ebfddf5312324eece3710",
      "derived_from_prior_runs": true,
      "transform_chain": [
        "parse_fasta",
        "encode_to_qubits",
        "generate_quantum_circuit",
        "simulate_phi_harmonic",
        "compute_metrics"
      ]
    },
    "reproducibility": {
      "deterministic_mode": true,
      "rng_library": "numpy",
      "rng_version": "2.4.2",
      "base_seed": 42,
      "sequence_derived_seed": 1062958434,
      "combined_seed": 1062958476,
      "deterministic_replay": true,
      "simulation_parameters": {
        "total_shots": 8192,
        "phi": 1.618033988749895,
        "phi_inv": 0.6180339887498948,
        "consciousness_position": 19,
        "peak_factor": 1.7903225806451613,
        "fib_boost": 1.2870967741935484,
        "beta_a": 1.7903225806451613,
        "beta_b": 2.209677419354839,
        "gc_content": 0.2903225806451613
      }
    },
    "audit_note": "Reconstructed analysis of SRY promoter",
    "validation_status": "unvalidated"
  }
}