{
  "promoter_id": "FOS",
  "sephirot_label": "Netzach",
  "sequence_length": 31,
  "gc_content": 0.5806451612903226,
  "encoding": {
    "promoter_id": "FOS",
    "sequence": "ATAAAAGCAGTGGCTGCGGCGCCTCGTACTC",
    "length": 31,
    "qubit_count": 62,
    "qubit_encoding": "00010000000011100011011111100111101111101110100110110100100110",
    "gc_content": 0.5806451612903226,
    "phi_alignment": 1.2149516307375436,
    "encoding_timestamp": "2026-04-04T00:02:31.119288"
  },
  "circuit": {
    "circuit_id": "circuit_FOS_156617753",
    "qubits": 62,
    "circuit_depth": 53,
    "total_gates": 215,
    "consciousness_position": 20,
    "total_shots": 8192,
    "unique_states": 94,
    "hamming_weight": {
      "mean": 2.475506645148582,
      "expected": 51.0,
      "deviation": -48.524493354851415
    },
    "phi_alignment": {
      "total_score": 2793.1022126895477,
      "peak_position": 20
    },
    "entropy": {
      "shannon": 5.205546883004231,
      "normalized": 0.8008533666160355
    },
    "watson_probs": [
      0.07528833878450841,
      0.33334152384845117,
      0.09379435646085764,
      0.3298827336119212,
      0.2280435337377208,
      0.2216762188581227,
      0.4034851748232965,
      0.4072182512546851,
      0.43210469426405246,
      0.34840055346178156,
      0.3193166876193322,
      0.25474047787627396,
      0.2820264188448139,
      0.22212940585096125,
      0.17282272947255548,
      0.1935814494246815,
      0.31741620604093934,
      0.332452359412605,
      0.33981582197619953,
      0.2757584179456717,
      1.122642964251142,
      0.23860886059716904,
      0.30247267586526017,
      0.3892955614235945,
      0.5797802263155665,
      0.36521125334424,
      0.2610116947624668,
      0.3231192397433176,
      0.4217891790279636,
      0.14673274534586192,
      0.5074030498216088
    ],
    "crick_probs": [
      0.37176795615021624,
      0.33001845770920685,
      0.42077780218564315,
      0.5529214421950231,
      0.3807548664482439,
      0.3775193866548552,
      0.5202399768945185,
      0.1709224490415728,
      0.23730226956780479,
      0.29864306637313703,
      0.5556949818042886,
      0.44962135787877744,
      0.11523775558765358,
      0.07228163886898593,
      0.4759501351004413,
      0.3313767927717626,
      0.2514456668973488,
      0.2545433999269702,
      0.27558651713189697,
      0.35733746893918655,
      0.6630252639754065,
      0.44935010792856367,
      0.24224586608704485,
      0.2808710263702511,
      0.3574970555252335,
      0.29716650295400016,
      0.04114847063305576,
      0.17256038928505615,
      0.4223093970894948,
      0.5521057923426166,
      0.4312972627041691
    ],
    "bridge_probs": [
      0.3365101522263612,
      0.20705716430389443,
      0.21310493427562646,
      0.5590839698435767,
      0.42707807979137247,
      0.18714829552839835,
      0.18763086348442978,
      0.2998040809826737,
      0.5720014027820688,
      0.26821695486929764,
      0.3235040963718123,
      0.39125456666732383,
      0.42072374917751587,
      0.7519651490185723,
      0.4612318602846186,
      0.3068514384781722,
      0.2480710300721773,
      0.5593815550598596,
      0.18956135320473924,
      0.11205039869524118,
      0.4904521526570688,
      0.6231914523236407,
      0.14863065649560614,
      0.34418838472098906,
      0.3251963547178103,
      0.4489395830674713,
      0.29559155846562507,
      0.08555913286019377,
      0.442392326996337,
      0.29019706476312657,
      0.3692793194563144
    ],
    "reproducibility": {
      "deterministic_mode": true,
      "rng_library": "numpy",
      "rng_version": "2.4.2",
      "base_seed": 42,
      "sequence_derived_seed": 156617711,
      "combined_seed": 156617753,
      "deterministic_replay": true,
      "simulation_parameters": {
        "total_shots": 8192,
        "phi": 1.618033988749895,
        "phi_inv": 0.6180339887498948,
        "consciousness_position": 20,
        "peak_factor": 2.0806451612903225,
        "fib_boost": 1.3741935483870966,
        "beta_a": 2.0806451612903225,
        "beta_b": 1.9193548387096775,
        "gc_content": 0.5806451612903226
      }
    }
  },
  "metrics": {
    "qubit_count": 62,
    "circuit_depth": 53,
    "total_gates": 215,
    "unique_states": 94,
    "hamming_mean": 2.475506645148582,
    "phi_alignment_score": 2793.1022126895477,
    "phi_peak_position": 20,
    "entropy_shannon": 5.205546883004231,
    "entropy_normalized": 0.8008533666160355
  },
  "artifact_metadata": {
    "evidence_class": "secondary",
    "artifact_type": "reconstructed",
    "artifact_id": "promoter_FOS_20260404_000231",
    "generation_timestamp": "20260404_000231",
    "generation_mode": "reconstructed_from_archives",
    "parent_artifacts": [
      "external_source:FOS_promoter.fa",
      "manifest:promoter_panel_manifest_v1.json"
    ],
    "lineage_depth": 2,
    "data_lineage": {
      "source_file": "C:\\FASTA\\FOS_Netzach_promoter.fa",
      "source_sha256": "ef8600636d2460e7fa958c615f2dd39ea262db4dc4c0dd5902ee2b6fbe822725",
      "derived_from_prior_runs": true,
      "transform_chain": [
        "parse_fasta",
        "encode_to_qubits",
        "generate_quantum_circuit",
        "simulate_phi_harmonic",
        "compute_metrics"
      ]
    },
    "reproducibility": {
      "deterministic_mode": true,
      "rng_library": "numpy",
      "rng_version": "2.4.2",
      "base_seed": 42,
      "sequence_derived_seed": 156617711,
      "combined_seed": 156617753,
      "deterministic_replay": true,
      "simulation_parameters": {
        "total_shots": 8192,
        "phi": 1.618033988749895,
        "phi_inv": 0.6180339887498948,
        "consciousness_position": 20,
        "peak_factor": 2.0806451612903225,
        "fib_boost": 1.3741935483870966,
        "beta_a": 2.0806451612903225,
        "beta_b": 1.9193548387096775,
        "gc_content": 0.5806451612903226
      }
    },
    "audit_note": "Reconstructed analysis of FOS promoter",
    "validation_status": "unvalidated"
  }
}