{
  "promoter_id": "NCAM1",
  "sephirot_label": "Chokmah",
  "sequence_length": 31,
  "gc_content": 0.5161290322580645,
  "encoding": {
    "promoter_id": "NCAM1",
    "sequence": "CCTGTCTCTCTTACCTCCTTGATGTTCGGCA",
    "length": 31,
    "qubit_count": 62,
    "qubit_encoding": "10100111011001100110010100101001101001011100011101011011111000",
    "gc_content": 0.5161290322580645,
    "phi_alignment": 1.1095217584144494,
    "encoding_timestamp": "2026-04-04T00:02:31.119695"
  },
  "circuit": {
    "circuit_id": "circuit_NCAM1_2976795815",
    "qubits": 62,
    "circuit_depth": 53,
    "total_gates": 217,
    "consciousness_position": 20,
    "total_shots": 8192,
    "unique_states": 100,
    "hamming_weight": {
      "mean": 3.389819838929142,
      "expected": 51.0,
      "deviation": -47.61018016107086
    },
    "phi_alignment": {
      "total_score": 2858.461143196848,
      "peak_position": 20
    },
    "entropy": {
      "shannon": 4.826088440224439,
      "normalized": 0.7424751446499136
    },
    "watson_probs": [
      0.44792463374002617,
      0.07900389141594151,
      0.33479194724017647,
      0.25769297204773,
      0.20469188838132815,
      0.5661392017155153,
      0.2848368180083868,
      0.28278064879810555,
      0.3079356777346852,
      0.19403235506762034,
      0.2160787938713808,
      0.15371079299956042,
      0.22110343139240884,
      0.2299661003278903,
      0.1412984521927811,
      0.3182254080978116,
      0.4309028286863753,
      0.1570616029481751,
      0.1491517841260261,
      0.49336358203349645,
      0.601891145794721,
      0.2565003182694517,
      0.37191130690957863,
      0.2548967190717551,
      0.13395208603736142,
      0.25213641050487295,
      0.08268461798935828,
      0.4321858072646321,
      0.2183688333801013,
      0.19619533822807322,
      0.5459235415470062
    ],
    "crick_probs": [
      0.11822859345989047,
      0.16250485809987653,
      0.187480882014777,
      0.36390721766673306,
      0.03979811686351196,
      0.35155088770180387,
      0.258326179487525,
      0.36464901594689453,
      0.44460365992944106,
      0.37633836594130515,
      0.4066195876897465,
      0.18585362954496373,
      0.018856398136564555,
      0.08461575768957652,
      0.09298882411182681,
      0.37548624725057733,
      0.36605449879772733,
      0.5286150586801125,
      0.34696310459620705,
      0.3455976259536428,
      1.0368574902489918,
      0.30628568824455943,
      0.3251393289986243,
      0.24262715072529115,
      0.23272577081400306,
      0.560806471067412,
      0.029461666730930203,
      0.5069705936754323,
      0.5338704834968565,
      0.06396376710659808,
      0.33435741852892625
    ],
    "bridge_probs": [
      0.31818660836227003,
      0.36045982524385406,
      0.11961212659273099,
      0.470230774667805,
      0.47166571201070545,
      0.05347259718147343,
      0.433998593144155,
      0.15398022026435332,
      0.46571956137808734,
      0.21333048599226037,
      0.4662633926122312,
      0.3009870958937094,
      0.5426381230793401,
      0.43859921286478304,
      0.23349673753511707,
      0.5709505626438023,
      0.19969501515166557,
      0.2881163075833489,
      0.13523465635476026,
      0.3963485822532932,
      0.7891961348394989,
      0.5818839916069738,
      0.2936895781057872,
      0.09571319811088741,
      0.2928818760811871,
      0.5630882833764599,
      0.2324384630206252,
      0.1775573463645077,
      0.4207456882336996,
      0.4599389000454908,
      0.06653183556070996
    ],
    "reproducibility": {
      "deterministic_mode": true,
      "rng_library": "numpy",
      "rng_version": "2.4.2",
      "base_seed": 42,
      "sequence_derived_seed": 2976795773,
      "combined_seed": 2976795815,
      "deterministic_replay": true,
      "simulation_parameters": {
        "total_shots": 8192,
        "phi": 1.618033988749895,
        "phi_inv": 0.6180339887498948,
        "consciousness_position": 20,
        "peak_factor": 2.0161290322580645,
        "fib_boost": 1.3548387096774193,
        "beta_a": 2.0161290322580645,
        "beta_b": 1.9838709677419355,
        "gc_content": 0.5161290322580645
      }
    }
  },
  "metrics": {
    "qubit_count": 62,
    "circuit_depth": 53,
    "total_gates": 217,
    "unique_states": 100,
    "hamming_mean": 3.389819838929142,
    "phi_alignment_score": 2858.461143196848,
    "phi_peak_position": 20,
    "entropy_shannon": 4.826088440224439,
    "entropy_normalized": 0.7424751446499136
  },
  "artifact_metadata": {
    "evidence_class": "secondary",
    "artifact_type": "reconstructed",
    "artifact_id": "promoter_NCAM1_20260404_000231",
    "generation_timestamp": "20260404_000231",
    "generation_mode": "reconstructed_from_archives",
    "parent_artifacts": [
      "external_source:NCAM1_promoter.fa",
      "manifest:promoter_panel_manifest_v1.json"
    ],
    "lineage_depth": 2,
    "data_lineage": {
      "source_file": "C:\\FASTA\\NCAM1_Chokmah_promoter.fa",
      "source_sha256": "c8a838968e3b2280cbe599d5d7420d828e977967a06266c2d31e72ded4486a2e",
      "derived_from_prior_runs": true,
      "transform_chain": [
        "parse_fasta",
        "encode_to_qubits",
        "generate_quantum_circuit",
        "simulate_phi_harmonic",
        "compute_metrics"
      ]
    },
    "reproducibility": {
      "deterministic_mode": true,
      "rng_library": "numpy",
      "rng_version": "2.4.2",
      "base_seed": 42,
      "sequence_derived_seed": 2976795773,
      "combined_seed": 2976795815,
      "deterministic_replay": true,
      "simulation_parameters": {
        "total_shots": 8192,
        "phi": 1.618033988749895,
        "phi_inv": 0.6180339887498948,
        "consciousness_position": 20,
        "peak_factor": 2.0161290322580645,
        "fib_boost": 1.3548387096774193,
        "beta_a": 2.0161290322580645,
        "beta_b": 1.9838709677419355,
        "gc_content": 0.5161290322580645
      }
    },
    "audit_note": "Reconstructed analysis of NCAM1 promoter",
    "validation_status": "unvalidated"
  }
}