{
  "promoter_id": "TP53",
  "sephirot_label": "Gevurah",
  "sequence_length": 31,
  "gc_content": 0.6129032258064516,
  "encoding": {
    "promoter_id": "TP53",
    "sequence": "TTTGTGCCAGGAGCCTCGCAGGGGTTGATGG",
    "length": 31,
    "qubit_count": 62,
    "qubit_encoding": "01010111011110100011110011101001101110001111111101011100011111",
    "gc_content": 0.6129032258064516,
    "phi_alignment": 1.215495688017731,
    "encoding_timestamp": "2026-04-04T00:02:31.120362"
  },
  "circuit": {
    "circuit_id": "circuit_TP53_2910602829",
    "qubits": 62,
    "circuit_depth": 55,
    "total_gates": 229,
    "consciousness_position": 20,
    "total_shots": 8192,
    "unique_states": 113,
    "hamming_weight": {
      "mean": 4.585032062323178,
      "expected": 51.0,
      "deviation": -46.41496793767682
    },
    "phi_alignment": {
      "total_score": 2702.33079907861,
      "peak_position": 20
    },
    "entropy": {
      "shannon": 5.706175159194664,
      "normalized": 0.8778731014145637
    },
    "watson_probs": [
      0.10050891804297399,
      0.25855821888463226,
      0.24605234426502814,
      0.4315717128158772,
      0.4319268977257774,
      0.4033508386099287,
      0.3586289589996968,
      0.46926036127507686,
      0.22572693900375293,
      0.41939857921131785,
      0.36782429298111363,
      0.4334915911337978,
      0.08146535415639532,
      0.2913057337193048,
      0.3184622420341652,
      0.3242073202853813,
      0.32226567686604024,
      0.35388250042014274,
      0.35805756617860374,
      0.2584512569986866,
      0.4778058446303856,
      0.2670580160267432,
      0.13465811724261778,
      0.21570672022031248,
      0.08007614018836659,
      0.15057898233642966,
      0.4105995119049819,
      0.30772671323074585,
      0.256352866201808,
      0.2194975496022127,
      0.5139194382917026
    ],
    "crick_probs": [
      0.23242978577414752,
      0.4025985829072458,
      0.2380533516510504,
      0.26648899677666876,
      0.13066894832260786,
      0.24250205728138216,
      0.4163026672412592,
      0.29467167255701954,
      0.28080896223332935,
      0.26557673497489126,
      0.4908199851472615,
      0.15323929617496554,
      0.29444735791434934,
      0.2404185080404575,
      0.357041625719373,
      0.3701262080071923,
      0.13563273187994762,
      0.4332953689958719,
      0.6008475441512751,
      0.16852904533004276,
      0.4570645469007542,
      0.1340804121558626,
      0.36000419429371905,
      0.4786712151005302,
      0.2224828065242506,
      0.5073952381009588,
      0.17396240414311687,
      0.008071339002516177,
      0.15221447695975085,
      0.16360928273065886,
      0.29678963279673626
    ],
    "bridge_probs": [
      0.36816475074570393,
      0.36662914452990386,
      0.5110220708372837,
      0.5658149435273038,
      0.5179197174676662,
      0.02373514380129221,
      0.287144616774206,
      0.2860307390105557,
      0.26975430457111355,
      0.38873999932433756,
      0.2022112619503355,
      0.3188361362944164,
      0.3156444147109918,
      0.6005116036911882,
      0.27256731991430955,
      0.4011341561779362,
      0.15773596348066846,
      0.1315091426220862,
      0.19546375650092127,
      0.20350471477387214,
      0.16761282088048993,
      0.3322839476078836,
      0.32455991359166736,
      0.2612864027732714,
      0.252968976197448,
      0.1663140467478003,
      0.42805143318623345,
      0.49869084379648104,
      0.11486534855967837,
      0.07956614208851583,
      0.2537852569440981
    ],
    "reproducibility": {
      "deterministic_mode": true,
      "rng_library": "numpy",
      "rng_version": "2.4.2",
      "base_seed": 42,
      "sequence_derived_seed": 2910602787,
      "combined_seed": 2910602829,
      "deterministic_replay": true,
      "simulation_parameters": {
        "total_shots": 8192,
        "phi": 1.618033988749895,
        "phi_inv": 0.6180339887498948,
        "consciousness_position": 20,
        "peak_factor": 2.1129032258064515,
        "fib_boost": 1.3838709677419354,
        "beta_a": 2.1129032258064515,
        "beta_b": 1.8870967741935485,
        "gc_content": 0.6129032258064516
      }
    }
  },
  "metrics": {
    "qubit_count": 62,
    "circuit_depth": 55,
    "total_gates": 229,
    "unique_states": 113,
    "hamming_mean": 4.585032062323178,
    "phi_alignment_score": 2702.33079907861,
    "phi_peak_position": 20,
    "entropy_shannon": 5.706175159194664,
    "entropy_normalized": 0.8778731014145637
  },
  "artifact_metadata": {
    "evidence_class": "secondary",
    "artifact_type": "reconstructed",
    "artifact_id": "promoter_TP53_20260404_000231",
    "generation_timestamp": "20260404_000231",
    "generation_mode": "reconstructed_from_archives",
    "parent_artifacts": [
      "external_source:TP53_promoter.fa",
      "manifest:promoter_panel_manifest_v1.json"
    ],
    "lineage_depth": 2,
    "data_lineage": {
      "source_file": "C:\\FASTA\\TP53_Gevurah_promoter.fa",
      "source_sha256": "cc0a9dfba9fc27b37c3483cae7e6343c5ce9d134c462cb612707406a813d4e3f",
      "derived_from_prior_runs": true,
      "transform_chain": [
        "parse_fasta",
        "encode_to_qubits",
        "generate_quantum_circuit",
        "simulate_phi_harmonic",
        "compute_metrics"
      ]
    },
    "reproducibility": {
      "deterministic_mode": true,
      "rng_library": "numpy",
      "rng_version": "2.4.2",
      "base_seed": 42,
      "sequence_derived_seed": 2910602787,
      "combined_seed": 2910602829,
      "deterministic_replay": true,
      "simulation_parameters": {
        "total_shots": 8192,
        "phi": 1.618033988749895,
        "phi_inv": 0.6180339887498948,
        "consciousness_position": 20,
        "peak_factor": 2.1129032258064515,
        "fib_boost": 1.3838709677419354,
        "beta_a": 2.1129032258064515,
        "beta_b": 1.8870967741935485,
        "gc_content": 0.6129032258064516
      }
    },
    "audit_note": "Reconstructed analysis of TP53 promoter",
    "validation_status": "unvalidated"
  }
}