{
  "promoter_id": "DCTN1",
  "sephirot_label": "Binah",
  "sequence_length": 31,
  "gc_content": 0.4838709677419355,
  "encoding": {
    "promoter_id": "DCTN1",
    "sequence": "TTTCTTATGGTCCTAATCGGCTTCCCAGGCA",
    "length": 31,
    "qubit_count": 62,
    "qubit_encoding": "01010110010100011111011010010000011011111001011010100011111000",
    "gc_content": 0.4838709677419355,
    "phi_alignment": 1.1207551280879497,
    "encoding_timestamp": "2026-04-04T00:02:31.119164"
  },
  "circuit": {
    "circuit_id": "circuit_DCTN1_3183064666",
    "qubits": 62,
    "circuit_depth": 54,
    "total_gates": 205,
    "consciousness_position": 20,
    "total_shots": 8192,
    "unique_states": 104,
    "hamming_weight": {
      "mean": 4.1856758035955,
      "expected": 51.0,
      "deviation": -46.8143241964045
    },
    "phi_alignment": {
      "total_score": 2666.503522055221,
      "peak_position": 20
    },
    "entropy": {
      "shannon": 5.240954126220305,
      "normalized": 0.8063006348031239
    },
    "watson_probs": [
      0.45366992870057016,
      0.1906893767279009,
      0.33858201219639955,
      0.4122027366498327,
      0.5256855451357292,
      0.4151106602442039,
      0.3245485575962042,
      0.3811152430469442,
      0.1804855273083705,
      0.04818094743812745,
      0.28421379919619966,
      0.5529480618871034,
      0.29293425042481985,
      0.32917122826042466,
      0.4434661788971212,
      0.3328394940737562,
      0.10831365546622922,
      0.29090672716257904,
      0.46103741812609483,
      0.5410861141147381,
      0.9255589855713623,
      0.4049407107857289,
      0.42991383910957304,
      0.38978437957710643,
      0.15341896852237905,
      0.537948011938663,
      0.4430604537661517,
      0.16728349881336377,
      0.42800736926726524,
      0.39114748832733315,
      0.14497995265746827
    ],
    "crick_probs": [
      0.0798344756524425,
      0.5363834792030281,
      0.35174153517366014,
      0.3241444591461022,
      0.23838363292855777,
      0.17637108642835891,
      0.35143586756440937,
      0.3101239896715246,
      0.2911034471325119,
      0.21464603425927029,
      0.30779086348022455,
      0.21005426799602642,
      0.11867380091431412,
      0.48638035369188753,
      0.29300484357248463,
      0.4069304436708457,
      0.22335226438897032,
      0.35554158192110824,
      0.3995028012210794,
      0.5665479380160021,
      0.5991115861942159,
      0.43959515939782967,
      0.10634428258248206,
      0.5190515443600824,
      0.3355871703192565,
      0.17192109856056556,
      0.17074634115482973,
      0.26612679568794884,
      0.28290111482428154,
      0.44439591039178833,
      0.19001194119867182
    ],
    "bridge_probs": [
      0.25949047597987884,
      0.04953242662639404,
      0.30333032242696484,
      0.7151051914382779,
      0.5134579498558127,
      0.7532648316967508,
      0.30070079540451927,
      0.3711801341239538,
      0.4876511561595881,
      0.344832466384188,
      0.4063425877224719,
      0.3219350904442887,
      0.5520362722675262,
      0.4210209835803832,
      0.48309340365064607,
      0.5175621629762771,
      0.11132701707885491,
      0.4680761293372187,
      0.45688237127399633,
      0.11260795252392998,
      0.3874959862639285,
      0.28192157554110925,
      0.1702023119612186,
      0.2963648082025149,
      0.44517340157327784,
      0.2619982642598261,
      0.1972533461670921,
      0.3558546786649628,
      0.4846199781525499,
      0.49063019741080716,
      0.5125004739574476
    ],
    "reproducibility": {
      "deterministic_mode": true,
      "rng_library": "numpy",
      "rng_version": "2.4.2",
      "base_seed": 42,
      "sequence_derived_seed": 3183064624,
      "combined_seed": 3183064666,
      "deterministic_replay": true,
      "simulation_parameters": {
        "total_shots": 8192,
        "phi": 1.618033988749895,
        "phi_inv": 0.6180339887498948,
        "consciousness_position": 20,
        "peak_factor": 1.9838709677419355,
        "fib_boost": 1.3451612903225807,
        "beta_a": 1.9838709677419355,
        "beta_b": 2.0161290322580645,
        "gc_content": 0.4838709677419355
      }
    }
  },
  "metrics": {
    "qubit_count": 62,
    "circuit_depth": 54,
    "total_gates": 205,
    "unique_states": 104,
    "hamming_mean": 4.1856758035955,
    "phi_alignment_score": 2666.503522055221,
    "phi_peak_position": 20,
    "entropy_shannon": 5.240954126220305,
    "entropy_normalized": 0.8063006348031239
  },
  "artifact_metadata": {
    "evidence_class": "secondary",
    "artifact_type": "reconstructed",
    "artifact_id": "promoter_DCTN1_20260404_000231",
    "generation_timestamp": "20260404_000231",
    "generation_mode": "reconstructed_from_archives",
    "parent_artifacts": [
      "external_source:DCTN1_promoter.fa",
      "manifest:promoter_panel_manifest_v1.json"
    ],
    "lineage_depth": 2,
    "data_lineage": {
      "source_file": "C:\\FASTA\\DCTN1_Binah_promoter.fa",
      "source_sha256": "41523223fa284814c746d4491349a8c8f18c2655ce9d62e09517cef708cd8195",
      "derived_from_prior_runs": true,
      "transform_chain": [
        "parse_fasta",
        "encode_to_qubits",
        "generate_quantum_circuit",
        "simulate_phi_harmonic",
        "compute_metrics"
      ]
    },
    "reproducibility": {
      "deterministic_mode": true,
      "rng_library": "numpy",
      "rng_version": "2.4.2",
      "base_seed": 42,
      "sequence_derived_seed": 3183064624,
      "combined_seed": 3183064666,
      "deterministic_replay": true,
      "simulation_parameters": {
        "total_shots": 8192,
        "phi": 1.618033988749895,
        "phi_inv": 0.6180339887498948,
        "consciousness_position": 20,
        "peak_factor": 1.9838709677419355,
        "fib_boost": 1.3451612903225807,
        "beta_a": 1.9838709677419355,
        "beta_b": 2.0161290322580645,
        "gc_content": 0.4838709677419355
      }
    },
    "audit_note": "Reconstructed analysis of DCTN1 promoter",
    "validation_status": "unvalidated"
  }
}